id	job_description	job
1	Job Summary:We are seeking a dedicated and compassionate Nurse to join our healthcare team. The ideal candidate will have a strong clinical background, excellent communication skills, and a commitment to providing high-quality patient care. As a Registered Nurse, you will work in a variety of healthcare settings to assess, plan, implement, and evaluate patient care. Your role is crucial in maintaining and improving patient health. Key Responsibilities:Patient Assessment: Conduct thorough and accurate patient assessments to develop individualized care plans. Medical Procedures: Administer medications and treatments as prescribed by physicians, and ensure patient comfort and safety during procedures. Documentation: Maintain detailed patient records, including medical histories, symptoms, and treatment plans, ensuring accuracy and compliance with legal and regulatory requirements. Patient Education: Educate patients and their families about health conditions, treatment options, and self-care techniques. Collaboration: Work closely with other healthcare professionals, including physicians, other nurses, and support staff, to ensure the highest quality of care. Monitoring: Monitor patient vital signs, symptoms, and treatment responses, and report any changes or concerns to the healthcare team. Emergency Response: Be prepared to respond to emergencies, including administering CPR and providing life-saving interventions when necessary. Infection Control: Adhere to strict infection control protocols to maintain a safe and clean healthcare environment. Compliance: Stay up to date with all relevant healthcare regulations and maintain professional standards of practice. Qualifications: Current and valid Registered Nurse (RN) license in the state of practice. Bachelor of Science in Nursing (BSN) preferred. CPR and Basic Life Support (BLS) certification required. Strong clinical skills and knowledge of medical terminology. Excellent communication and interpersonal skills. Ability to work effectively in a fast-paced and high-stress environment. Compassion, empathy, and a commitment to patient-centered care. Preferred Skills: Advanced certifications in a specific nursing specialty (e.g., Critical Care, Pediatric Nursing, etc.). Experience with electronic health record (EHR) systems. Previous experience in a healthcare setting, especially in the area of specialization (e.g., ICU, ER, Medical-Surgical, etc.). Working Conditions: This position may require evening, weekend, and holiday shifts. Nurses may need to stand for extended periods and lift or assist with moving patients. If you have specific requirements or preferences for the nurse position, be sure to tailor this job description accordingly.	Nurse
2	Job Summary: We are looking for a dedicated and highly skilled Medical Doctor to join our healthcare team. The ideal candidate is a compassionate and experienced physician who is committed to providing the highest standard of patient care. As a Medical Doctor, you will diagnose and treat a variety of medical conditions, provide guidance to patients on their health and well-being, and work collaboratively with a team of healthcare professionals to ensure the best outcomes for your patients. Key Responsibilities: Patient Diagnosis and Treatment: Perform comprehensive medical examinations, diagnose patients' conditions, and develop and implement treatment plans. Prescription and Medication Management: Prescribe and administer medications, monitor patient responses, and adjust treatment plans as necessary. Patient Education: Educate patients about their medical conditions, treatment options, and preventative care measures. Collaboration: Work closely with other healthcare professionals, including nurses, specialists, and support staff, to coordinate and enhance patient care. Emergency Response: Be prepared to respond to medical emergencies and provide life-saving interventions when necessary. Medical Record Keeping: Maintain accurate and up-to-date patient records, ensuring compliance with all medical record-keeping standards and regulations. Continuing Education: Stay informed about the latest medical research, treatments, and technologies, and participate in ongoing professional development. Ethical and Legal Compliance: Adhere to medical ethics and legal standards in all medical practices. Qualifications: Medical Doctor (MD) degree from an accredited medical school. Valid and current state medical license. Board certification in a medical specialty (if applicable). CPR and Basic Life Support (BLS) certification. Strong clinical skills, knowledge of medical procedures, and a commitment to evidence-based medicine. Excellent communication and interpersonal skills. Empathy, compassion, and a patient-centered approach to care. Preferred Skills: Specialization in a specific medical field (e.g., Cardiology, Pediatrics, Oncology, etc.). Proficiency in electronic health record (EHR) systems. Previous experience in a medical practice or hospital setting. Working Conditions: Physicians may need to work irregular hours, including evenings and weekends. This position may involve exposure to infectious diseases, physical demands, and long periods of standing or walking.	Medical Doctor
3	Job Summary: We are seeking a knowledgeable and customer-focused Pharmacist to join our pharmacy team. The ideal candidate is a licensed pharmacist with a strong understanding of pharmaceuticals and a commitment to ensuring the safe and effective use of medications. As a Pharmacist, you will dispense prescription medications, provide medication-related education to patients, and collaborate with healthcare professionals to optimize patient care. Key Responsibilities: Medication Dispensing: Accurately dispense prescription medications, ensuring the correct medication, dosage, and labeling. Patient Consultation: Provide medication counseling to patients, including information on proper use, potential side effects, and drug interactions. Prescription Review: Verify the validity of prescription orders and check for potential contraindications or interactions. Medication Management: Monitor and manage inventory levels, including ordering and restocking medications as needed. Collaboration: Work closely with physicians, nurses, and other healthcare professionals to ensure optimal patient care. Pharmacy Compliance: Adhere to all federal and state pharmacy regulations, including controlled substance monitoring. Patient Records: Maintain accurate and up-to-date patient medication records. Patient Education: Conduct health and wellness screenings and provide educational materials to promote healthy living. Qualifications: Doctor of Pharmacy (PharmD) degree from an accredited pharmacy school. Valid and current state pharmacy license. Strong knowledge of pharmaceuticals, pharmacology, and drug interactions. Excellent communication and interpersonal skills. Attention to detail and strong organizational skills. Commitment to patient safety and the highest standards of pharmacy practice. Preferred Skills: Experience with pharmacy software and electronic prescription systems. Knowledge of compounding and aseptic technique (if applicable). Previous experience in a pharmacy setting. Working Conditions: Pharmacists may need to work flexible hours, including evenings, weekends, and holidays. This position may involve prolonged periods of standing and working in a fast-paced environment.	Pharmacists
4	Job Summary: We are looking for a skilled and dedicated Radiologist to join our healthcare team. The ideal candidate is a board-certified radiologist with expertise in medical imaging and a commitment to providing accurate and timely diagnostic evaluations. As a Radiologist, you will play a critical role in interpreting medical images, providing diagnostic reports, and working closely with other healthcare professionals to ensure the best patient care. Key Responsibilities: Medical Imaging Interpretation: Examine and interpret a variety of medical images, including X-rays, CT scans, MRIs, and ultrasounds, to diagnose medical conditions and injuries. Diagnostic Report Generation: Prepare detailed diagnostic reports and communicate findings to referring physicians and other healthcare providers. Image Quality Assurance: Ensure the quality and accuracy of medical images, making adjustments as needed to improve image clarity. Radiology Procedures: Oversee and perform interventional radiology procedures, such as fluoroscopy and image-guided biopsies (if applicable). Collaboration: Collaborate with healthcare professionals to determine the most appropriate imaging tests and contribute to patient treatment plans. Patient Care: Communicate effectively with patients to prepare them for imaging procedures and to address their concerns and questions. Continuing Education: Stay current with the latest developments in radiology and maintain professional certification and licensure. Ethical and Legal Compliance: Adhere to radiology ethics and legal standards in all medical practices. Qualifications: Doctor of Medicine (MD) or Doctor of Osteopathic Medicine (DO) degree. Board certification in Radiology. Valid and current state medical license. Strong knowledge of medical imaging techniques and equipment. Excellent communication and interpersonal skills. Attention to detail and the ability to work well under pressure. Preferred Skills: Proficiency in using radiology information systems (RIS) and picture archiving and communication systems (PACS). Subspecialty expertise in areas such as neuroradiology, musculoskeletal radiology, or interventional radiology (if applicable). Working Conditions: Radiologists may need to work irregular hours, including on-call and weekend shifts. This position typically involves working in a dimly lit room and may require long periods of sitting.	Radiologists
5	Job Summary: We are looking for a dedicated and compassionate Occupational Therapist to join our healthcare team. The ideal candidate is a licensed and experienced therapist who is committed to helping patients regain the skills they need for daily living and working. As an Occupational Therapist, you will assess patients' needs, develop individualized treatment plans, and provide therapy services to promote independence and quality of life. Key Responsibilities: Patient Assessment: Conduct comprehensive assessments to evaluate patients' physical and cognitive abilities, functional limitations, and goals. Treatment Planning: Develop and implement personalized treatment plans to improve patients' ability to perform daily activities and achieve their goals. Therapeutic Interventions: Provide therapeutic interventions that may include exercises, adaptive equipment, and techniques to enhance motor skills, sensory processing, and self-care. Patient Education: Educate patients and their families on strategies for independent living and self-management. Progress Monitoring: Regularly evaluate patients' progress and adjust treatment plans as needed to achieve optimal outcomes. Collaboration: Work in interdisciplinary teams with physicians, nurses, and other healthcare professionals to coordinate patient care. Documentation: Maintain accurate and up-to-date patient records, including treatment plans, progress notes, and discharge summaries. Compliance: Adhere to ethical and legal standards in occupational therapy practice. Qualifications: Bachelor's or Master's degree in Occupational Therapy. Valid and current state license to practice as an Occupational Therapist. Strong knowledge of occupational therapy techniques, assessment tools, and patient care. Excellent communication and interpersonal skills. Empathy and a patient-centered approach to care. Preferred Skills: Certification in a specialized area of occupational therapy. Experience working with a variety of patient populations and age groups. Working Conditions: Occupational Therapists may work in hospitals, rehabilitation centers, schools, or private practices. This position may involve bending, lifting, and working with patients who have physical limitations.	Occupational Therapist
6	Job Summary: We are seeking a compassionate and experienced Medical Social Worker to join our healthcare team. The ideal candidate is a licensed social worker who is dedicated to providing emotional support, resources, and counseling to patients and their families as they navigate medical challenges. As a Medical Social Worker, you will play a vital role in addressing the psychosocial aspects of healthcare and helping patients achieve the best possible outcomes. Key Responsibilities: Patient Assessment: Conduct psychosocial assessments of patients to identify their emotional, social, and financial needs. Counseling: Provide emotional support and counseling to patients and their families to help them cope with the emotional challenges of medical conditions. Resource Referral: Connect patients with community resources, financial assistance programs, and support services to enhance their well-being. Care Planning: Collaborate with healthcare teams to develop care plans that address patients' psychosocial needs and contribute to their overall health. Crisis Intervention: Respond to crisis situations and offer crisis intervention services to patients and families in distress. Advocacy: Advocate on behalf of patients to ensure they receive the care and support they need, both within and outside the healthcare facility. Documentation: Maintain detailed and confidential patient records, including assessments, interventions, and referrals. Continuing Education: Stay informed about the latest developments in social work and participate in ongoing professional development. Qualifications: Master's degree in Social Work (MSW) from an accredited program. Valid and current state social work license. Strong knowledge of social work practices, counseling techniques, and community resources. Excellent communication, active listening, and interpersonal skills. Empathy, cultural sensitivity, and a patient-centered approach to care. Preferred Skills: Experience working as a medical social worker in a healthcare setting. Knowledge of healthcare laws and regulations related to social work. Working Conditions: Medical Social Workers may work in hospitals, clinics, or other healthcare facilities. This position may involve providing support to patients and families during challenging and emotionally charged situations.	Medical Social Worker
7	Job Summary: We are seeking an experienced and dynamic Hospital Administrator to lead and manage our healthcare facility. The Hospital Administrator is responsible for overseeing all aspects of the hospital's operations, from financial management and staff leadership to policy implementation and strategic planning. The ideal candidate is a strategic thinker with strong leadership and organizational skills. Key Responsibilities: Strategic Planning: Develop and implement strategic plans to ensure the long-term success and growth of the hospital. Financial Management: Oversee budgeting, financial reporting, revenue management, and cost control to maintain the hospital's financial health. Policy Implementation: Ensure compliance with all regulatory and accreditation standards, and develop and enforce hospital policies and procedures. Staff Leadership: Recruit, train, and manage hospital staff, including medical and administrative personnel, to maintain high-quality patient care and a productive work environment. Quality Assurance: Monitor and improve the quality of patient care and services, with a focus on patient safety and satisfaction. Facility Management: Supervise maintenance and facility improvements to provide a safe and comfortable environment for patients, staff, and visitors. Interdepartmental Coordination: Foster collaboration between various hospital departments to optimize patient care and streamline operations. Community Engagement: Build and maintain positive relationships with the local community and other healthcare providers. Crisis Management: Respond to and manage crises, emergencies, and other unforeseen events effectively. Qualifications: Bachelor's or Master's degree in Healthcare Administration, Business Administration, or a related field. Proven experience in hospital or healthcare facility management. Strong leadership and organizational skills. Knowledge of healthcare regulations and policies. Excellent communication and interpersonal skills. Problem-solving ability and a strategic mindset. Preferred Skills: Healthcare leadership certifications. Experience working in a complex healthcare environment. Knowledge of healthcare technology and electronic health records. Working Conditions: Hospital Administrators may work irregular hours and be on call to address urgent matters. This position requires overseeing a busy and often high-stress healthcare environment.	Hospital Administrator
8	Job Summary: We are looking for a dedicated and experienced Dietitian to join our healthcare team. The ideal candidate is a licensed and registered dietitian who is passionate about promoting healthy eating and providing expert nutritional guidance to patients. As a Dietitian, you will assess patients' dietary needs, develop personalized nutrition plans, and offer education and support to help individuals improve their health through proper nutrition. Key Responsibilities: Nutritional Assessment: Conduct thorough assessments of patients' dietary habits, medical history, and nutritional needs. Personalized Nutrition Plans: Develop customized nutrition plans to address specific health conditions, dietary restrictions, and personal goals. Patient Education: Educate patients and their families on proper nutrition, meal planning, and healthy eating habits. Monitoring: Monitor patients' progress and make adjustments to their nutrition plans as necessary to achieve health and wellness goals. Collaboration: Work closely with healthcare teams, including physicians and nurses, to coordinate care and address patients' dietary needs. Nutritional Counseling: Provide individual and group counseling to help patients achieve and maintain a healthy lifestyle. Dietary Management: Manage the nutritional needs of patients with specialized dietary requirements, such as diabetes, allergies, or obesity. Documentation: Maintain detailed and confidential patient records, including assessments, meal plans, and progress notes. Qualifications: Bachelor's or Master's degree in Nutrition, Dietetics, or a related field. Valid and current state license as a Registered Dietitian (RD) or Registered Dietitian Nutritionist (RDN). Strong knowledge of nutrition, dietary guidelines, and meal planning. Excellent communication and interpersonal skills. Empathy and a patient-centered approach to care. Preferred Skills: Specialization in a specific area of dietetics, such as pediatric nutrition, clinical nutrition, or sports nutrition. Experience working as a dietitian in a healthcare or clinical setting. Working Conditions: Dietitians may work in hospitals, clinics, long-term care facilities, or private practices. This position involves meeting with patients and collaborating with healthcare teams to support their nutritional needs.	Dietitian
9	Job Summary: We are seeking a dedicated and compassionate Patient Transporter to join our healthcare team. The Patient Transporter plays a vital role in ensuring the smooth and safe movement of patients within the hospital. The ideal candidate is attentive, reliable, and committed to providing exceptional patient care. Key Responsibilities: Patient Transfer: Safely transfer patients to and from various areas of the hospital, including patient rooms, treatment areas, and operating rooms. Transport Equipment: Operate and maintain equipment such as stretchers, wheelchairs, and other patient transport devices. Patient Comfort: Ensure patients are comfortable and safe during transport, making any necessary adjustments or accommodations. Communication: Collaborate with nursing and clinical staff to coordinate patient transportation schedules and priorities. Safety: Adhere to infection control procedures and safety protocols to minimize the risk of infection and accidents during patient transport. Patient Interaction: Interact with patients in a courteous and empathetic manner, addressing their concerns and needs during transport. Documentation: Maintain accurate records of patient transports and communicate any relevant information to the healthcare team. Equipment Maintenance: Ensure that transport equipment is clean and in good working condition, reporting any issues for repair or replacement. Qualifications: High school diploma or equivalent. Strong attention to detail and the ability to follow safety protocols. Good communication and interpersonal skills. Physical fitness and the ability to lift and move patients safely. Preferred Skills: Previous experience as a patient transporter or in a similar role in a healthcare setting. Basic knowledge of infection control and patient safety procedures. Working Conditions: Patient Transporters may work in a hospital or clinical setting. This position may involve bending, lifting, and working with patients who have physical limitations.	Patient Transporter
10	Job Summary: We are looking for a skilled and compassionate Physical Therapist to join our healthcare team. The ideal candidate is a licensed physical therapist with expertise in rehabilitation and a commitment to helping patients regain their mobility and functionality. As a Physical Therapist, you will assess patients, develop customized treatment plans, and provide therapeutic interventions to improve their physical well-being. Key Responsibilities: Patient Assessment: Conduct thorough assessments of patients' physical abilities, medical history, and goals. Treatment Planning: Develop individualized treatment plans that address patients' specific needs and goals for recovery. Therapeutic Interventions: Provide physical therapy interventions, which may include exercises, manual therapy, and modalities to improve mobility and reduce pain. Patient Education: Educate patients and their families about the treatment process, home exercise programs, and strategies for injury prevention. Progress Monitoring: Continuously evaluate patients' progress and adjust treatment plans to maximize outcomes. Collaboration: Work closely with physicians, nurses, and other healthcare professionals to coordinate patient care and ensure holistic treatment. Documentation: Maintain accurate and up-to-date patient records, including assessments, treatment plans, and progress notes. Ethical and Legal Compliance: Adhere to ethical and legal standards in physical therapy practice. Qualifications: Doctor of Physical Therapy (DPT) degree from an accredited program. Valid and current state license to practice as a Physical Therapist (PT). Strong clinical skills, knowledge of physical therapy techniques, and patient care. Excellent communication and interpersonal skills. Empathy, patience, and a patient-centered approach to care. Preferred Skills: Specialization in a specific area of physical therapy, such as orthopedics, neurology, or pediatrics. Experience working in a clinical or healthcare setting. Working Conditions: Physical Therapists may work in hospitals, rehabilitation centers, clinics, or private practices. This position may involve bending, lifting, and working with patients who have physical limitations.	Physical Therapist